"state","year","quarter","transactions","amount_inr","atv_inr","reg_users","app_opens","period","amount_cr"
"Andaman & Nicobar Islands",2018,1,6658,14631761.2219857,2197.62109071579,6740,0,"2018 Q1",1.46317612219857
"Andaman & Nicobar Islands",2018,2,11340,28338535.5079535,2498.98902186538,9405,0,"2018 Q2",2.83385355079535
"Andaman & Nicobar Islands",2018,3,16265,55557471.1343111,3415.76828369573,12149,0,"2018 Q3",5.55574711343111
"Andaman & Nicobar Islands",2018,4,23758,90548336.0744551,3811.27772011344,15222,0,"2018 Q4",9.05483360744551
"Andaman & Nicobar Islands",2019,1,30486,102299740.67349,3355.63014739519,18596,0,"2019 Q1",10.229974067349
"Andaman & Nicobar Islands",2019,2,33689,120254709.675663,3569.55414751589,21731,52640,"2019 Q2",12.0254709675663
"Andaman & Nicobar Islands",2019,3,33770,114071776.087294,3377.90275650855,23931,171107,"2019 Q3",11.4071776087294
"Andaman & Nicobar Islands",2019,4,35159,136838530.517378,3891.99153893392,25960,177012,"2019 Q4",13.6838530517378
"Andaman & Nicobar Islands",2020,1,41298,161476312.297274,3910.02741772662,28368,193586,"2020 Q1",16.1476312297274
"Andaman & Nicobar Islands",2020,2,62962,169645001.414147,2694.40299568226,32710,305072,"2020 Q2",16.9645001414147
"Andaman & Nicobar Islands",2020,3,117483,338019446.33036,2877.17751785671,41335,515565,"2020 Q3",33.801944633036
"Andaman & Nicobar Islands",2020,4,224531,627282656.314852,2793.74632596324,52396,887208,"2020 Q4",62.7282656314852
"Andaman & Nicobar Islands",2021,1,244752,783706567.389755,3202.04356814145,57758,1004336,"2021 Q1",78.3706567389756
"Andaman & Nicobar Islands",2021,2,341414,899147016.112295,2633.59738063552,62095,2248223,"2021 Q2",89.9147016112295
"Andhra Pradesh",2018,1,9039585,11996276391.8232,1327.08264724799,3336450,0,"2018 Q1",1199.62763918232
"Andhra Pradesh",2018,2,12353918,22883914272.6331,1852.36086823897,4402540,0,"2018 Q2",2288.39142726331
"Andhra Pradesh",2018,3,25626061,35718044599.2149,1393.81720035767,5427617,0,"2018 Q3",3571.80445992149
"Andhra Pradesh",2018,4,30759548,51473779406.8409,1673.42444065956,6857409,0,"2018 Q4",5147.37794068409
"Andhra Pradesh",2019,1,57264522,83760595917.0764,1462.69615097942,8283019,0,"2019 Q1",8376.05959170764
"Andhra Pradesh",2019,2,56409015,113634518758.23,2014.4744374322,9389003,81375251,"2019 Q2",11363.451875823
"Andhra Pradesh",2019,3,76288614,139447944254.794,1827.89982597919,10458693,310953542,"2019 Q3",13944.7944254794
"Andhra Pradesh",2019,4,107218103,200948315488.791,1874.20136960258,11757883,411201518,"2019 Q4",20094.8315488791
"Andhra Pradesh",2020,1,127677357,252737214289.062,1979.49910796683,13022060,486513773,"2020 Q1",25273.7214289062
"Andhra Pradesh",2020,2,144917855,302583689746.563,2087.96693648662,14319675,494341698,"2020 Q2",30258.3689746563
"Andhra Pradesh",2020,3,204902935,467084130584.908,2279.53850726886,15692405,696300382,"2020 Q3",46708.4130584908
"Andhra Pradesh",2020,4,286118552,654841546033.33,2288.70704627825,17076565,869078538,"2020 Q4",65484.154603333
"Andhra Pradesh",2021,2,352767134,850737499108.245,2411.61212911701,19620905,1044705436,"2021 Q2",85073.7499108245
"Arunachal Pradesh",2018,1,45497,92387336.0094091,2030.6247886544,21495,0,"2018 Q1",9.23873360094091
"Arunachal Pradesh",2018,2,82157,198970192.342046,2421.82884406741,32883,0,"2018 Q2",19.8970192342046
"Arunachal Pradesh",2018,3,131146,331726406.741391,2529.44357236508,45922,0,"2018 Q3",33.1726406741391
"Arunachal Pradesh",2018,4,176429,504040029.09176,2856.90010764534,61852,0,"2018 Q4",50.404002909176
"Arunachal Pradesh",2019,1,226506,609950106.313949,2692.86511754191,76957,0,"2019 Q1",60.9950106313949
"Arunachal Pradesh",2019,2,258656,752655874.355028,2909.87208630392,95885,502873,"2019 Q2",75.2655874355028
"Arunachal Pradesh",2019,3,370234,912645034.79587,2465.04922507352,112149,1811700,"2019 Q3",91.264503479587
"Arunachal Pradesh",2019,4,459475,1190573179.52728,2591.15986621095,129321,2140340,"2019 Q4",119.057317952728
"Arunachal Pradesh",2020,1,567175,1381758681.33014,2436.21224724316,149066,2598321,"2020 Q1",138.175868133014
"Arunachal Pradesh",2020,2,808774,1826716832.98496,2258.62457619182,177534,3387006,"2020 Q2",182.671683298496
"Arunachal Pradesh",2020,3,962827,2609938565.55822,2710.70354856918,206046,4003421,"2020 Q3",260.993856555822
"Arunachal Pradesh",2020,4,1209129,3570264021.84562,2952.75691993627,231292,4472667,"2020 Q4",357.026402184562
"Arunachal Pradesh",2021,1,1177456,3813779079.01664,3238.99923140792,251240,4796708,"2021 Q1",381.377907901664
"Arunachal Pradesh",2021,2,1568338,4456425616.99437,2841.49565782017,270572,13025849,"2021 Q2",445.642561699437
"Assam",2018,1,1056881,1157804456.21247,1095.49178782897,385237,0,"2018 Q1",115.780445621247
"Assam",2018,2,1663873,2350585135.53779,1412.71908104632,571046,0,"2018 Q2",235.058513553779
"Assam",2018,3,2351851,3811134989.91427,1620.48318108344,784802,0,"2018 Q3",381.113498991427
"Assam",2018,4,3734172,5888022859.0131,1576.79476441179,1039221,0,"2018 Q4",588.80228590131
"Assam",2019,1,4533005,8002099536.45084,1765.29686961538,1259085,0,"2019 Q1",800.209953645085
"Assam",2019,2,5454929,10954969189.1261,2008.26980316813,1500128,7350326,"2019 Q2",1095.49691891261
"Assam",2019,3,5942571,12950443620.4264,2179.26611569747,1731523,25393673,"2019 Q3",1295.04436204264
"Assam",2019,4,6760510,15281983895.512,2260.47796623509,1941220,26599449,"2019 Q4",1528.1983895512
"Assam",2020,1,8808860,20668428347.7292,2346.32271914064,2185938,33097892,"2020 Q1",2066.84283477292
"Assam",2020,2,10505199,19766300125.9194,1881.57312640335,2550883,39304924,"2020 Q2",1976.63001259194
"Assam",2020,3,12397711,29831391259.544,2406.20153668237,2830011,41875278,"2020 Q3",2983.1391259544
"Assam",2020,4,15423454,40226611319.2641,2608.14544649105,3106153,49321814,"2020 Q4",4022.66113192641
"Assam",2021,1,19512060,51326464546.1223,2630.49952419797,3358448,56752364,"2021 Q1",5132.64645461223
"Assam",2021,2,25432905,59192473376.6638,2327.39725865621,3617056,102003890,"2021 Q2",5919.24733766638
"Bihar",2018,1,5824302,6045758172.01714,1038.0227831622,2133804,0,"2018 Q1",604.575817201714
"Bihar",2018,2,8632378,13506131109.672,1564.58986268581,3005872,0,"2018 Q2",1350.6131109672
"Bihar",2018,3,14367804,20135804378.9013,1401.45316423451,3784535,0,"2018 Q3",2013.58043789013
"Bihar",2018,4,15732401,28397997168.5776,1805.06441251895,4776665,0,"2018 Q4",2839.79971685776
"Bihar",2019,1,26356234,41502827514.5262,1574.68732120553,5745117,0,"2019 Q1",4150.28275145262
"Bihar",2019,2,29960479,63132438283.5418,2107.19055204497,6589759,39607022,"2019 Q2",6313.24382835418
"Bihar",2019,3,32139900,67692783254.2789,2106.19147085955,7380265,126521298,"2019 Q3",6769.27832542789
"Bihar",2019,4,43530314,93313426577.8092,2143.64239545364,8342274,163998097,"2019 Q4",9331.34265778092
"Bihar",2020,1,45081815,109256853527.246,2423.52384275669,9351234,183868505,"2020 Q1",10925.6853527246
"Bihar",2020,2,53386742,128806523628.844,2412.70620388942,10603767,218435035,"2020 Q2",12880.6523628844
"Bihar",2020,3,71503748,173328865111.818,2424.05286379978,11763213,266652644,"2020 Q3",17332.8865111818
"Bihar",2020,4,96591673,238905613136.472,2473.35619848382,12889833,317056600,"2020 Q4",23890.5613136472
"Bihar",2021,1,114932477,280973649701.228,2444.6845403082,13946288,355792608,"2021 Q1",28097.3649701228
"Bihar",2021,2,155603622,374580255186.578,2407.27208256488,14972134,371198660,"2021 Q2",37458.0255186578
"Chandigarh",2018,1,381895,613435420.867623,1606.29340752726,86268,0,"2018 Q1",61.3435420867623
"Chandigarh",2018,2,479084,961223261.744729,2006.37729864644,115219,0,"2018 Q2",96.1223261744729
"Chandigarh",2018,3,616936,1369354447.5343,2219.60535215047,143893,0,"2018 Q3",136.93544475343
"Chandigarh",2018,4,905116,2032591591.77997,2245.66971722959,177747,0,"2018 Q4",203.259159177997
"Chandigarh",2019,1,1274476,2396032050.44402,1880.01347255187,209175,0,"2019 Q1",239.603205044402
"Chandigarh",2019,2,1252470,2693116098.94445,2150.24399701745,240439,1220176,"2019 Q2",269.311609894445
"Chandigarh",2019,3,1506543,3269682087.66084,2170.32111772504,267337,4625196,"2019 Q3",326.968208766084
"Chandigarh",2019,4,1850915,4152513817.93934,2243.49244451492,289590,4960441,"2019 Q4",415.251381793934
"Chandigarh",2020,1,2262511,5126453070.0162,2265.82459489311,312887,5201211,"2020 Q1",512.64530700162
"Chandigarh",2020,2,1528010,3847015729.69007,2517.66397450937,336351,3451250,"2020 Q2",384.701572969007
"Chandigarh",2020,3,2158086,5089809353.36507,2358.48309722832,362588,4888739,"2020 Q3",508.980935336507
"Chandigarh",2020,4,2912716,6146762901.34934,2110.32002479793,391402,6477974,"2020 Q4",614.676290134934
"Chandigarh",2021,1,3970237,7596420859.54598,1913.34191373109,419998,7919533,"2021 Q1",759.642085954598
"Chandigarh",2021,2,4417547,8417673939.93609,1905.5086318122,448572,4733924,"2021 Q2",841.767393993609
"Chhattisgarh",2018,1,1891514,2149155557.23676,1136.20917277734,679263,0,"2018 Q1",214.915555723676
"Chhattisgarh",2018,2,2816156,4264170443.16165,1514.18118994887,950675,0,"2018 Q2",426.417044316165
"Chhattisgarh",2018,3,3859604,6302307073.44631,1632.88955899266,1217792,0,"2018 Q3",630.230707344631
"Chhattisgarh",2018,4,5365844,9416412664.97148,1754.8800645288,1579998,0,"2018 Q4",941.641266497148
"Chhattisgarh",2019,1,7887669,12544556385.3284,1590.40096450908,1908898,0,"2019 Q1",1254.45563853284
"Chhattisgarh",2019,2,9389945,17002355688.8223,1810.69811258983,2191066,13206373,"2019 Q2",1700.23556888223
"Chhattisgarh",2019,3,12243111,19803259167.4535,1617.50221552786,2435058,46362341,"2019 Q3",1980.32591674535
"Chhattisgarh",2019,4,16305758,27143788737.2133,1664.67506369304,2725900,57278977,"2019 Q4",2714.37887372133
"Chhattisgarh",2020,1,19523991,32860597671.3562,1683.08813865752,3016487,64224101,"2020 Q1",3286.05976713562
"Chhattisgarh",2020,2,18820925,32268382206.9013,1714.49502120121,3401658,68493384,"2020 Q2",3226.83822069013
"Chhattisgarh",2020,3,24148539,41526744807.534,1719.63797923899,3799386,86918606,"2020 Q3",4152.6744807534
"Chhattisgarh",2020,4,35529636,62214974283.9485,1751.07266181811,4190601,109900467,"2020 Q4",6221.49742839485
"Chhattisgarh",2021,1,39436437,69409843261.5514,1760.04346593358,4514551,124648704,"2021 Q1",6940.98432615514
"Chhattisgarh",2021,2,44689420,78728771259.226,1761.68702254865,4837055,205784717,"2021 Q2",7872.8771259226
"Dadra & Nagar Haveli and Daman & Diu",2018,1,148549,175658384.109216,1182.49455808666,53258,0,"2018 Q1",17.5658384109216
"Dadra & Nagar Haveli and Daman & Diu",2018,2,202626,302070771.656151,1490.77991795797,71458,0,"2018 Q2",30.2070771656151
"Dadra & Nagar Haveli and Daman & Diu",2018,3,289575,447639595.678175,1545.85028292558,92107,0,"2018 Q3",44.7639595678175
"Dadra & Nagar Haveli and Daman & Diu",2018,4,404082,658750616.800886,1630.23994338002,116511,0,"2018 Q4",65.8750616800886
"Dadra & Nagar Haveli and Daman & Diu",2019,1,661814,843369776.0499,1274.33051590009,140532,0,"2019 Q1",84.33697760499
"Dadra & Nagar Haveli and Daman & Diu",2019,2,489656,824441276.56507,1683.71525431133,158580,860686,"2019 Q2",82.444127656507
"Dadra & Nagar Haveli and Daman & Diu",2019,3,638751,961471473.848371,1505.23674146635,176929,3126189,"2019 Q3",96.1471473848371
"Dadra & Nagar Haveli and Daman & Diu",2019,4,768971,1226641262.01103,1595.17233031029,197598,3770543,"2019 Q4",122.664126201103
"Dadra & Nagar Haveli and Daman & Diu",2020,1,878579,1342763369.29251,1528.3353793939,218496,4195122,"2020 Q1",134.276336929251
"Dadra & Nagar Haveli and Daman & Diu",2020,2,973152,1302376453.88805,1338.30732905862,244814,4505127,"2020 Q2",130.237645388805
"Dadra & Nagar Haveli and Daman & Diu",2020,3,1138312,1749789114.99936,1537.17883585463,267946,4421499,"2020 Q3",174.978911499936
"Dadra & Nagar Haveli and Daman & Diu",2020,4,1817791,2700511100.8285,1485.60043526924,296493,6196436,"2020 Q4",270.05111008285
"Dadra & Nagar Haveli and Daman & Diu",2021,1,1925244,2965632911.1935,1540.39327544638,321396,7302462,"2021 Q1",296.56329111935
"Dadra & Nagar Haveli and Daman & Diu",2021,2,2125083,3157668461.4189,1485.90359125686,344994,5062983,"2021 Q2",315.76684614189
"Delhi",2018,1,7122754,11211503806.92,1574.04057572674,2087022,0,"2018 Q1",1121.15038069199
"Delhi",2018,2,9373723,17446299902.2051,1861.1921754254,2756141,0,"2018 Q2",1744.62999022051
"Delhi",2018,3,18547048,27375846860.6185,1476.0217831225,3504911,0,"2018 Q3",2737.58468606185
"Delhi",2018,4,29187719,39722857618.7064,1360.94422516218,4630313,0,"2018 Q4",3972.28576187064
"Delhi",2019,1,47007327,58469131789.4972,1243.83017544259,5499263,0,"2019 Q1",5846.91317894972
"Delhi",2019,2,57171512,81706816063.6282,1429.15261824155,6165448,43731570,"2019 Q2",8170.68160636282
"Delhi",2019,3,69537876,103196812046.457,1484.03744811614,6782286,163381027,"2019 Q3",10319.6812046457
"Delhi",2019,4,80744997,129024467424.89,1597.92522408404,7289883,172682671,"2019 Q4",12902.446742489
"Delhi",2020,1,81747604,133616543642.589,1634.50103861869,7826197,178263986,"2020 Q1",13361.6543642589
"Delhi",2020,2,66042018,107873438203.331,1633.40614763363,8391139,142852253,"2020 Q2",10787.3438203331
"Delhi",2020,3,96491861,175163962804.66,1815.32370698768,9044174,190025029,"2020 Q3",17516.396280466
"Delhi",2020,4,120540417,216265088224.543,1794.12925230334,9747968,243433752,"2020 Q4",21626.5088224543
"Delhi",2021,1,157359004,266928345043.492,1696.30169395005,10467210,281201600,"2021 Q1",26692.8345043492
"Delhi",2021,2,170157264,281941097684.541,1656.94423533127,11182699,164997774,"2021 Q2",28194.1097684541
"Goa",2018,1,160897,303856742.343083,1888.51714042576,91936,0,"2018 Q1",30.3856742343083
"Goa",2018,2,229575,478603825.358614,2084.73843126915,122174,0,"2018 Q2",47.8603825358614
"Goa",2018,3,339511,713166969.238234,2100.57102491004,153802,0,"2018 Q3",71.3166969238234
"Goa",2018,4,514755,1153005078.9224,2239.91040188517,195350,0,"2018 Q4",115.30050789224
"Goa",2019,1,738812,1475323397.27657,1996.88607829403,238152,0,"2019 Q1",147.532339727657
"Goa",2019,2,768441,1591867103.38761,2071.55409899733,278940,1352232,"2019 Q2",159.186710338761
"Goa",2019,3,1092416,2000367191.49683,1831.14051011412,317194,4753892,"2019 Q3",200.036719149683
"Goa",2019,4,1515272,2923460348.49947,1929.33040965547,353546,6290543,"2019 Q4",292.346034849947
"Goa",2020,1,1881237,3410371231.92376,1812.83444452972,391900,7147233,"2020 Q1",341.037123192376
"Goa",2020,2,1482092,2183616430.01677,1473.33392934903,430639,5310126,"2020 Q2",218.361643001677
"Goa",2020,3,1915531,3368343580.94465,1758.43856400374,474962,6129766,"2020 Q3",336.834358094465
"Goa",2020,4,3801381,6899792747.57993,1815.07529699862,527584,10991118,"2020 Q4",689.979274757993
"Goa",2021,1,5331549,9757242879.02142,1830.09532108237,570035,15467672,"2021 Q1",975.724287902142
"Goa",2021,2,4710135,8012853587.07599,1701.19403946511,609106,12710361,"2021 Q2",801.285358707599
"Gujarat",2018,1,5948775,7577982255.03404,1273.87273094613,2690048,0,"2018 Q1",757.798225503404
"Gujarat",2018,2,7745733,12162684771.6409,1570.24322574002,3565825,0,"2018 Q2",1216.26847716409
"Gujarat",2018,3,11334149,17866404426.2755,1576.33399969203,4433183,0,"2018 Q3",1786.64044262755
"Gujarat",2018,4,14733303,24830987102.7825,1685.36458544174,5579040,0,"2018 Q4",2483.09871027825
"Gujarat",2019,1,24991451,35856080308.4769,1434.73383392092,6652536,0,"2019 Q1",3585.60803084769
"Gujarat",2019,2,28981842,49320615219.2674,1701.77641639435,7574645,34890301,"2019 Q2",4932.06152192674
"Gujarat",2019,3,38228649,59462694964.2677,1555.44850575985,8429299,129441484,"2019 Q3",5946.26949642677
"Gujarat",2019,4,42547632,76690662054.9141,1802.46604687457,9323799,147973757,"2019 Q4",7669.06620549141
"Gujarat",2020,1,47326417,86995076621.9031,1838.19275019072,10259843,165605122,"2020 Q1",8699.50766219031
"Gujarat",2020,2,47420185,80387846359.4906,1695.22422486312,11392657,155264359,"2020 Q2",8038.78463594906
"Gujarat",2020,3,59290179,111921752484.712,1887.69462957284,12467847,184402472,"2020 Q3",11192.1752484712
"Gujarat",2020,4,77828547,148393060112.439,1906.66620195851,13605203,230497353,"2020 Q4",14839.3060112439
"Gujarat",2021,1,94774565,183700780713.45,1938.29199546788,14670126,264732874,"2021 Q1",18370.078071345
"Gujarat",2021,2,111841396,210162054552.116,1879.10793381116,15735981,282432543,"2021 Q2",21016.2054552116
"Haryana",2018,1,4480770,6793511514.66039,1516.14823225928,1847357,0,"2018 Q1",679.351151466039
"Haryana",2018,2,6150931,11320414442.1164,1840.43918589176,2447221,0,"2018 Q2",1132.04144421164
"Haryana",2018,3,8262024,16375139007.6276,1981.97669331723,3020398,0,"2018 Q3",1637.51390076276
"Haryana",2018,4,12950183,25390876016.4558,1960.65770008469,3793079,0,"2018 Q4",2539.08760164558
"Haryana",2019,1,22135775,34051655721.6316,1538.30872068548,4538767,0,"2019 Q1",3405.16557216316
"Haryana",2019,2,22741816,42501539813.2161,1868.87185320715,5178030,31929195,"2019 Q2",4250.15398132161
"Haryana",2019,3,30343531,52489119199.442,1729.82897736727,5783752,118332587,"2019 Q3",5248.9119199442
"Haryana",2019,4,37825985,69359719869.1012,1833.65270908613,6366679,136721888,"2019 Q4",6935.97198691012
"Haryana",2020,1,44036087,81976214558.244,1861.56900267374,7018770,157793468,"2020 Q1",8197.6214558244
"Haryana",2020,2,41781050,80711264923.9406,1931.76727066315,7682878,143650123,"2020 Q2",8071.12649239406
"Haryana",2020,3,57938179,109567950445.731,1891.1182977589,8398816,188614769,"2020 Q3",10956.7950445731
"Haryana",2020,4,83171439,159998504366.542,1923.71932348726,9129873,236101307,"2020 Q4",15999.8504366542
"Haryana",2021,1,90252784,168938301082.428,1871.83479107335,9827905,266686683,"2021 Q1",16893.8301082428
"Haryana",2021,2,105680856,200357354238.683,1895.87179572697,10530594,234052506,"2021 Q2",20035.7354238683
"Himachal Pradesh",2018,1,481918,628737806.372337,1304.65723706593,227373,0,"2018 Q1",62.8737806372337
"Himachal Pradesh",2018,2,687695,1183169301.35111,1720.48553697658,315299,0,"2018 Q2",118.316930135111
"Himachal Pradesh",2018,3,886754,1754041432.85802,1978.04738727767,407634,0,"2018 Q3",175.404143285802
"Himachal Pradesh",2018,4,1307883,2621298968.13925,2004.23047637996,526343,0,"2018 Q4",262.129896813925
"Himachal Pradesh",2019,1,2168718,3381481442.99105,1559.20753320213,653205,0,"2019 Q1",338.148144299105
"Himachal Pradesh",2019,2,2502306,4875883973.61059,1948.55624116738,772603,3321711,"2019 Q2",487.588397361059
"Himachal Pradesh",2019,3,2735180,5572018781.12333,2037.16712652306,876184,10720741,"2019 Q3",557.201878112333
"Himachal Pradesh",2019,4,3516646,7271163537.24817,2067.6415929406,985945,12637904,"2019 Q4",727.116353724817
"Himachal Pradesh",2020,1,4144480,7419466751.12268,1790.20450119742,1106025,14640104,"2020 Q1",741.946675112268
"Himachal Pradesh",2020,2,4695730,8036904762.54393,1711.53468417987,1249867,16125580,"2020 Q2",803.690476254393
"Himachal Pradesh",2020,3,5489876,10516054014.087,1915.53579973154,1378634,18411750,"2020 Q3",1051.6054014087
"Himachal Pradesh",2020,4,7272328,13989053108.8129,1923.60040812417,1508766,22001148,"2020 Q4",1398.90531088129
"Himachal Pradesh",2021,1,7614029,14120546909.4875,1854.54335798925,1622951,24228094,"2021 Q1",1412.05469094875
"Himachal Pradesh",2021,2,9483902,16495634539.8091,1739.32992346496,1743151,43269977,"2021 Q2",1649.56345398091
"Jammu & Kashmir",2018,1,941568,1005371239.25613,1067.76275240463,176425,0,"2018 Q1",100.537123925613
"Jammu & Kashmir",2018,2,1796326,2651206236.50287,1475.9048393793,261609,0,"2018 Q2",265.120623650287
"Jammu & Kashmir",2018,3,2303961,3934700999.45766,1707.79843906111,342529,0,"2018 Q3",393.470099945766
"Jammu & Kashmir",2018,4,2721310,5664720265.69751,2081.615202126,436563,0,"2018 Q4",566.472026569752
"Jammu & Kashmir",2019,1,3584987,5951835476.52101,1660.21117413285,530669,0,"2019 Q1",595.183547652101
"Jammu & Kashmir",2019,2,2296355,6100142201.5635,2656.44562864344,631193,2705373,"2019 Q2",610.01422015635
"Jammu & Kashmir",2019,3,1116526,3744230491.78246,3353.46466789171,658455,3843919,"2019 Q3",374.423049178246
"Jammu & Kashmir",2019,4,489928,1929695997.8226,3938.73385032616,673367,998572,"2019 Q4",192.96959978226
"Jammu & Kashmir",2020,1,921630,2937643176.53401,3187.44309162463,735408,4476894,"2020 Q1",293.764317653401
"Jammu & Kashmir",2020,2,2635006,8265648939.25854,3136.86152489161,845294,9856653,"2020 Q2",826.564893925854
"Jammu & Kashmir",2020,3,3465898,11977229760.8724,3455.73636641137,949819,11443454,"2020 Q3",1197.72297608724
"Jammu & Kashmir",2020,4,5754444,15380905803.3781,2672.87435647616,1079022,16018751,"2020 Q4",1538.09058033781
"Jammu & Kashmir",2021,1,6997570,17138349893.1517,2449.18591641837,1174818,18834009,"2021 Q1",1713.83498931517
"Jammu & Kashmir",2021,2,10027819,22813755428.5916,2275.04659074836,1261267,34274559,"2021 Q2",2281.37554285916
"Jharkhand",2018,1,2178921,2374186389.91938,1089.61563540825,885762,0,"2018 Q1",237.418638991938
"Jharkhand",2018,2,3152080,4721575659.06285,1497.92380239805,1230599,0,"2018 Q2",472.157565906285
"Jharkhand",2018,3,8122621,8661571417.70461,1066.35178690531,1532362,0,"2018 Q3",866.157141770461
"Jharkhand",2018,4,6284043,10241916641.1224,1629.82917862312,1913949,0,"2018 Q4",1024.19166411224
"Jharkhand",2019,1,9387708,13627236449.278,1451.60420938508,2279329,0,"2019 Q1",1362.7236449278
"Jharkhand",2019,2,10128211,18622701305.5463,1838.69602494915,2604854,14929066,"2019 Q2",1862.27013055463
"Jharkhand",2019,3,14220647,21465973993.3591,1509.4934846044,2915511,55504460,"2019 Q3",2146.59739933591
"Jharkhand",2019,4,18248618,28147748376.6771,1542.45918111043,3281371,70181789,"2019 Q4",2814.77483766771
"Jharkhand",2020,1,18282713,33611232153.2687,1838.41600277096,3651393,74014713,"2020 Q1",3361.12321532687
"Jharkhand",2020,2,20141511,37486201975.9236,1861.14149906249,4061035,76339276,"2020 Q2",3748.62019759236
"Jharkhand",2020,3,27068473,50622615820.0135,1870.16887949363,4480027,99318784,"2020 Q3",5062.26158200136
"Jharkhand",2020,4,39431633,72805174830.0435,1846.36468974144,4917938,126310835,"2020 Q4",7280.51748300435
"Jharkhand",2021,1,44621663,83749353123.1395,1876.87655485049,5313049,141731331,"2021 Q1",8374.93531231395
"Jharkhand",2021,2,54002145,104432643311.458,1933.86102184382,5701503,184234107,"2021 Q2",10443.2643311458
"Karnataka",2018,1,12016899,19217895314.0134,1599.23914763813,3717763,0,"2018 Q1",1921.78953140134
"Karnataka",2018,2,17116447,33515580081.3009,1958.09212515313,5030665,0,"2018 Q2",3351.55800813009
"Karnataka",2018,3,25980261,48225091755.808,1856.220449664,6372649,0,"2018 Q3",4822.5091755808
"Karnataka",2018,4,44812071,73008386576.0679,1629.21250785459,8315802,0,"2018 Q4",7300.83865760679
"Karnataka",2019,1,86587609,117976382145.757,1362.50883363411,10266174,0,"2019 Q1",11797.6382145757
"Karnataka",2019,2,115401604,163702024226.084,1418.54201806488,11968087,113024811,"2019 Q2",16370.2024226084
"Karnataka",2019,3,170733735,214536720438.188,1256.55729629641,13635075,445683660,"2019 Q3",21453.6720438188
"Karnataka",2019,4,237796252,295047143447.231,1240.7560714928,15385416,569674870,"2019 Q4",29504.7143447231
"Karnataka",2020,1,271033890,353402054999.398,1303.90356349679,17016980,626488036,"2020 Q1",35340.2054999398
"Karnataka",2020,2,213221712,321104877020.137,1505.96707065243,18655366,490510075,"2020 Q2",32110.4877020137
"Karnataka",2020,3,300360531,470740515696.681,1567.25157639531,20487550,693683212,"2020 Q3",47074.0515696681
"Karnataka",2020,4,431536984,658036698565.018,1524.8674458109,22400182,935510690,"2020 Q4",65803.6698565018
"Karnataka",2021,1,523797492,754995357412.393,1441.38788165941,24095832,1084917385,"2021 Q1",75499.5357412393
"Karnataka",2021,2,530649046,837887151230.048,1578.98550378257,25751023,1051089714,"2021 Q2",83788.7151230048
"Kerala",2018,1,1771380,2402674753.1005,1356.38584216854,784184,0,"2018 Q1",240.26747531005
"Kerala",2018,2,2308165,3886923343.44262,1683.98851184496,1066587,0,"2018 Q2",388.692334344261
"Kerala",2018,3,3134348,5323025223.87545,1698.28788120383,1347598,0,"2018 Q3",532.302522387545
"Kerala",2018,4,4310654,7747361236.8124,1797.25889315459,1757326,0,"2018 Q4",774.73612368124
"Kerala",2019,1,6469039,10235031134.8497,1582.15635040223,2136624,0,"2019 Q1",1023.50311348497
"Kerala",2019,2,7283826,13031371561.1854,1789.08331434406,2550167,8673220,"2019 Q2",1303.13715611854
"Kerala",2019,3,9286096,16429809722.0644,1769.29139242846,2990963,31471694,"2019 Q3",1642.98097220644
"Kerala",2019,4,12498637,21151326637.8047,1692.29065839777,3503938,40046033,"2019 Q4",2115.13266378047
"Kerala",2020,1,15733522,26451084830.9342,1681.1928588484,4078316,46396398,"2020 Q1",2645.10848309342
"Kerala",2020,2,16287967,25894078478.6002,1589.76737112742,4728844,45832953,"2020 Q2",2589.40784786002
"Kerala",2020,3,21758680,40164150651.9541,1845.89095716992,5582300,64309022,"2020 Q3",4016.41506519541
"Kerala",2020,4,33288187,56755256647.0113,1704.96688951583,6387169,91415273,"2020 Q4",5675.52566470113
"Kerala",2021,1,42316342,69260970161.8945,1636.74284894225,6936943,108918733,"2021 Q1",6926.09701618945
"Kerala",2021,2,47191033,74226806436.1563,1572.90064907366,7416083,87814415,"2021 Q2",7422.68064361563
"Ladakh",2018,1,6089,12532857.7711147,2058.27849747326,8784,0,"2018 Q1",1.25328577711147
"Ladakh",2018,2,15010,47334902.5377415,3153.55779731789,12918,0,"2018 Q2",4.73349025377415
"Ladakh",2018,3,24864,84090977.144846,3382.03736908164,17749,0,"2018 Q3",8.4090977144846
"Ladakh",2018,4,35211,135522842.492637,3848.87797826353,23883,0,"2018 Q4",13.5522842492637
"Ladakh",2019,1,46145,152859920.949127,3312.59986887262,29649,0,"2019 Q1",15.2859920949127
"Ladakh",2019,2,68772,259255506.997424,3769.78286217391,35516,157317,"2019 Q2",25.9255506997424
"Ladakh",2019,3,92396,331129527.193822,3583.808034913,39173,503126,"2019 Q3",33.1129527193822
"Ladakh",2019,4,84706,324689360.028111,3833.13295431387,43108,470440,"2019 Q4",32.4689360028111
"Ladakh",2020,1,116419,377639677.445743,3243.79763995347,47790,590484,"2020 Q1",37.7639677445743
"Ladakh",2020,2,155010,523792998.652024,3379.091662809,53034,695673,"2020 Q2",52.3792998652024
"Ladakh",2020,3,228222,835487500.058193,3660.85434383273,58401,1015680,"2020 Q3",83.5487500058193
"Ladakh",2020,4,332134,1111963470.50796,3347.93628628192,64853,1232757,"2020 Q4",111.196347050796
"Ladakh",2021,1,275415,983419813.246879,3570.68356206771,69919,1184204,"2021 Q1",98.3419813246879
"Ladakh",2021,2,399716,1427259095.47032,3570.68292355151,75048,4391632,"2021 Q2",142.725909547032
"Lakshadweep",2018,1,778,1928611.18087774,2478.93467979143,501,0,"2018 Q1",0.192861118087774
"Lakshadweep",2018,2,2132,6187809.53940053,2902.34969015034,686,0,"2018 Q2",0.618780953940053
"Lakshadweep",2018,3,1703,4339032.31198585,2547.87569699697,918,0,"2018 Q3",0.433903231198585
"Lakshadweep",2018,4,1642,4463213.69822283,2718.15694167042,1156,0,"2018 Q4",0.446321369822283
"Lakshadweep",2019,1,2481,8786130.47933898,3541.36657772631,1416,0,"2019 Q1",0.878613047933898
"Lakshadweep",2019,2,2926,9242524.13698888,3158.75739473304,1747,4580,"2019 Q2",0.924252413698888
"Lakshadweep",2019,3,3104,9651761.46376846,3109.45923446149,2117,15038,"2019 Q3",0.965176146376846
"Lakshadweep",2019,4,3765,11269913.4049238,2993.33689373805,2427,17760,"2019 Q4",1.12699134049238
"Lakshadweep",2020,1,5151,13502368.5745042,2621.31014841859,2772,21982,"2020 Q1",1.35023685745042
"Lakshadweep",2020,2,7220,16942922.0859443,2346.66510885655,3187,29202,"2020 Q2",1.69429220859443
"Lakshadweep",2020,3,8589,21306833.3086568,2480.71176023481,3644,32128,"2020 Q3",2.13068333086568
"Lakshadweep",2020,4,11650,30111317.9170804,2584.66248215282,4179,41144,"2020 Q4",3.01113179170804
"Lakshadweep",2021,1,9085,27042782.9140811,2976.64093715807,4577,47283,"2021 Q1",2.70427829140811
"Lakshadweep",2021,2,11384,27383463.6579515,2405.43426369918,4896,40301,"2021 Q2",2.73834636579515
"Madhya Pradesh",2018,1,8025395,8681603403.44592,1081.76649291978,2553603,0,"2018 Q1",868.160340344592
"Madhya Pradesh",2018,2,10561412,15924081066.6793,1507.76061635312,3441662,0,"2018 Q2",1592.40810666793
"Madhya Pradesh",2018,3,17126985,24149742204.6724,1410.04048317158,4309309,0,"2018 Q3",2414.97422046724
"Madhya Pradesh",2018,4,21397555,33905608072.9673,1584.5552481565,5365442,0,"2018 Q4",3390.56080729673
"Madhya Pradesh",2019,1,37301049,48070279522.0478,1288.71119742632,6414403,0,"2019 Q1",4807.02795220478
"Madhya Pradesh",2019,2,40846013,68334566380.5578,1672.98008695629,7301172,50642151,"2019 Q2",6833.45663805578
"Madhya Pradesh",2019,3,53610411,77676321491.2433,1448.90367453522,8180664,192353380,"2019 Q3",7767.63214912433
"Madhya Pradesh",2019,4,68131989,104687926790.858,1536.54587701613,9165241,237844976,"2019 Q4",10468.7926790858
"Madhya Pradesh",2020,1,79366746,126737281436.193,1596.85621275431,10151371,262452480,"2020 Q1",12673.7281436193
"Madhya Pradesh",2020,2,76340573,147922015289.062,1937.6592220373,11374423,253770044,"2020 Q2",14792.2015289062
"Madhya Pradesh",2020,3,108579881,205701679984.538,1894.47324946449,12564224,324850994,"2020 Q3",20570.1679984538
"Madhya Pradesh",2020,4,153652541,284275139772.371,1850.11674992326,13737947,405571446,"2020 Q4",28427.5139772371
"Madhya Pradesh",2021,1,201998498,343533954382.288,1700.67578612534,14839427,482500276,"2021 Q1",34353.3954382288
"Madhya Pradesh",2021,2,223314680,425500768035.624,1905.38646198998,15940935,727741649,"2021 Q2",42550.0768035624
"Maharashtra",2018,1,16387034,21711613257.7254,1324.92635688224,6106994,0,"2018 Q1",2171.16132577254
"Maharashtra",2018,2,22285740,36357057241.1207,1631.40453227583,8222371,0,"2018 Q2",3635.70572411207
"Maharashtra",2018,3,31538538,52260817733.2469,1657.04630104436,10435033,0,"2018 Q3",5226.08177332469
"Maharashtra",2018,4,46090223,79518937047.8336,1725.28861593561,13381602,0,"2018 Q4",7951.89370478336
"Maharashtra",2019,1,75079069,111420690920.341,1484.04465324871,16284451,0,"2019 Q1",11142.0690920341
"Maharashtra",2019,2,101149853,153294470088.058,1515.51846632993,18776975,109967705,"2019 Q2",15329.4470088058
"Maharashtra",2019,3,148735581,199617506744.95,1342.09652729262,21313081,439998413,"2019 Q3",19961.750674495
"Maharashtra",2019,4,201260620,272994428799.549,1356.42247747994,23745297,543654112,"2019 Q4",27299.4428799549
"Maharashtra",2020,1,238944081,319995196718.095,1339.20537131068,26168390,615146568,"2020 Q1",31999.5196718095
"Maharashtra",2020,2,184790761,296359517159.414,1603.75722008859,28765086,506354812,"2020 Q2",29635.9517159414
"Maharashtra",2020,3,268310924,440307079012.445,1641.03299429003,31409513,668197101,"2020 Q3",44030.7079012445
"Maharashtra",2020,4,407621004,622155530832.294,1526.30881315501,34432631,952006770,"2020 Q4",62215.5530832294
"Maharashtra",2021,1,517860240,769887352153.249,1486.67013353497,37077537,1101976484,"2021 Q1",76988.7352153249
"Maharashtra",2021,2,573616486,915115055623.701,1595.34301743151,39664697,1208083592,"2021 Q2",91511.5055623701
"Manipur",2018,1,84069,128046173.930209,1523.10808895322,29925,0,"2018 Q1",12.8046173930209
"Manipur",2018,2,151721,253209721.319494,1668.91677038442,46055,0,"2018 Q2",25.3209721319494
"Manipur",2018,3,189258,383331244.794122,2025.44275430429,61935,0,"2018 Q3",38.3331244794122
"Manipur",2018,4,236110,605683559.306011,2565.26008769646,82589,0,"2018 Q4",60.5683559306011
"Manipur",2019,1,265409,659898060.424079,2486.34394622669,99527,0,"2019 Q1",65.9898060424079
"Manipur",2019,2,257425,722789942.1495,2807.76902845295,117747,464829,"2019 Q2",72.27899421495
"Manipur",2019,3,345008,863552002.562934,2502.99124241448,136316,1594205,"2019 Q3",86.3552002562934
"Manipur",2019,4,449344,1200897682.08863,2672.55751070144,155358,1855488,"2019 Q4",120.089768208863
"Manipur",2020,1,818801,2598590380.87694,3173.65315977501,177374,2175642,"2020 Q1",259.859038087694
"Manipur",2020,2,1083068,3198936212.80551,2953.58759819836,215496,3011491,"2020 Q2",319.893621280551
"Manipur",2020,3,1420168,4615976120.8705,3250.30286618942,258563,3552375,"2020 Q3",461.59761208705
"Manipur",2020,4,1627852,5602224558.45875,3441.48273827028,288772,3783432,"2020 Q4",560.222455845875
"Manipur",2021,1,2303535,7070287514.47924,3069.32063740262,312668,3709227,"2021 Q1",707.028751447924
"Manipur",2021,2,3086275,7889827962.39663,2556.42415610943,335409,7269002,"2021 Q2",788.982796239663
"Meghalaya",2018,1,49571,66250259.7899005,1336.47212664462,18513,0,"2018 Q1",6.62502597899005
"Meghalaya",2018,2,67857,117004667.841831,1724.28294563319,26618,0,"2018 Q2",11.7004667841831
"Meghalaya",2018,3,110290,209853661.534394,1902.74423369656,37281,0,"2018 Q3",20.9853661534394
"Meghalaya",2018,4,161132,337585679.004673,2095.08774796237,49634,0,"2018 Q4",33.7585679004673
"Meghalaya",2019,1,208741,399037162.153434,1911.63768571308,61487,0,"2019 Q1",39.9037162153434
"Meghalaya",2019,2,232286,492931289.107279,2122.08781031693,74746,395764,"2019 Q2",49.2931289107279
"Meghalaya",2019,3,306550,612218602.153533,1997.12478275496,87395,1387814,"2019 Q3",61.2218602153533
"Meghalaya",2019,4,365981,742436471.790218,2028.62026113437,100030,1490542,"2019 Q4",74.2436471790218
"Meghalaya",2020,1,502283,1120134840.90781,2230.0871040983,113814,1716211,"2020 Q1",112.013484090781
"Meghalaya",2020,2,635395,1153735154.3384,1815.77625624752,136211,2205253,"2020 Q2",115.37351543384
"Meghalaya",2020,3,597579,1237059001.38303,2070.11792814512,157741,2384534,"2020 Q3",123.705900138303
"Meghalaya",2020,4,754008,1804242572.19897,2392.86926955545,176447,2745917,"2020 Q4",180.424257219897
"Meghalaya",2021,1,747646,2055515277.98983,2749.31622450977,190869,2939026,"2021 Q1",205.551527798983
"Meghalaya",2021,2,909594,2193617254.89059,2411.64437638176,205686,7290804,"2021 Q2",219.361725489059
"Mizoram",2018,1,18561,45227219.9757908,2436.68013446424,7593,0,"2018 Q1",4.52272199757908
"Mizoram",2018,2,27051,83508405.5577343,3087.07277208733,10422,0,"2018 Q2",8.35084055577343
"Mizoram",2018,3,39316,116600738.12539,2965.7324785174,14502,0,"2018 Q3",11.660073812539
"Mizoram",2018,4,55242,190426852.529529,3447.13899803644,19365,0,"2018 Q4",19.0426852529529
"Mizoram",2019,1,70306,218160895.397402,3103.01959146306,23670,0,"2019 Q1",21.8160895397402
"Mizoram",2019,2,75671,248016708.135014,3277.56614997838,28696,133025,"2019 Q2",24.8016708135014
"Mizoram",2019,3,98094,278793899.951342,2842.10960865437,34134,457834,"2019 Q3",27.8793899951342
"Mizoram",2019,4,125239,368689350.634488,2943.88609486253,39809,529168,"2019 Q4",36.8689350634488
"Mizoram",2020,1,153609,392077579.349636,2552.43885026031,46499,644683,"2020 Q1",39.2077579349636
"Mizoram",2020,2,198462,457193433.442317,2303.68248552528,55574,739308,"2020 Q2",45.7193433442317
"Mizoram",2020,3,254703,707944175.5046,2779.48895578223,68315,924865,"2020 Q3",70.79441755046
"Mizoram",2020,4,322607,986522115.693958,3057.96872260663,78731,1096182,"2020 Q4",98.6522115693958
"Mizoram",2021,1,329575,1101105586.94594,3340.98638229822,85750,1193214,"2021 Q1",110.110558694594
"Mizoram",2021,2,394340,1122874473.30209,2847.47799691153,92552,4014597,"2021 Q2",112.287447330209
"Nagaland",2018,1,42845,78005891.086125,1820.65331044754,15074,0,"2018 Q1",7.8005891086125
"Nagaland",2018,2,65599,153325577.880301,2337.31578042807,22436,0,"2018 Q2",15.3325577880301
"Nagaland",2018,3,94371,241792742.936652,2562.15090373793,32090,0,"2018 Q3",24.1792742936652
"Nagaland",2018,4,139333,388013467.545623,2784.79231442389,42997,0,"2018 Q4",38.8013467545623
"Nagaland",2019,1,168579,441941712.41233,2621.57037597998,53911,0,"2019 Q1",44.194171241233
"Nagaland",2019,2,188753,520066682.158504,2755.27637790395,66891,362497,"2019 Q2",52.0066682158504
"Nagaland",2019,3,261878,650956471.713411,2485.72416053816,80077,1244022,"2019 Q3",65.0956471713411
"Nagaland",2019,4,317170,834537138.348774,2631.19821656769,93124,1454551,"2019 Q4",83.4537138348774
"Nagaland",2020,1,378051,894780028.734369,2366.82359981687,107143,1684520,"2020 Q1",89.4780028734369
"Nagaland",2020,2,517566,1137674504.3478,2198.12449880363,130205,2119279,"2020 Q2",113.76745043478
"Nagaland",2020,3,736319,2009649143.15479,2729.31860125135,173106,2868642,"2020 Q3",200.964914315479
"Nagaland",2020,4,847825,2773084870.56268,3270.8222458204,192188,2922121,"2020 Q4",277.308487056268
"Nagaland",2021,1,975897,3107450484.6132,3184.19923886762,207808,2980581,"2021 Q1",310.74504846132
"Nagaland",2021,2,1130791,3156293963.78186,2791.22664027381,223337,6716892,"2021 Q2",315.629396378186
"Odisha",2018,1,5809821,4627632210.88748,796.518896345943,1594015,0,"2018 Q1",462.763221088748
"Odisha",2018,2,8158144,8488310339.61969,1040.47076634339,2185781,0,"2018 Q2",848.831033961969
"Odisha",2018,3,30052155,23094515775.5848,768.481187974199,2795718,0,"2018 Q3",2309.45157755848
"Odisha",2018,4,21142798,23429869571.5613,1108.17260665127,3623911,0,"2018 Q4",2342.98695715613
"Odisha",2019,1,34031942,35427127930.6996,1040.99636543514,4320744,0,"2019 Q1",3542.71279306996
"Odisha",2019,2,29512024,44754854871.6738,1516.49561113375,4845359,33955545,"2019 Q2",4475.48548716738
"Odisha",2019,3,41422272,57304577359.2232,1383.42429307652,5387209,130181456,"2019 Q3",5730.45773592232
"Odisha",2019,4,64995633,79769373632.0505,1227.30358872035,6115537,189905719,"2019 Q4",7976.93736320505
"Odisha",2020,1,53682307,91956798199.3331,1712.98148940084,6652970,175918622,"2020 Q1",9195.67981993332
"Odisha",2020,2,50028576,91733036612.0965,1833.61278586255,7258315,154682772,"2020 Q2",9173.30366120965
"Odisha",2020,3,66033829,122463943804.292,1854.56372375881,7901755,205597666,"2020 Q3",12246.3943804292
"Odisha",2020,4,92324950,178302663014.616,1931.25111916785,8598751,270085293,"2020 Q4",17830.2663014616
"Odisha",2021,1,111460358,213397736188.34,1914.56173313511,9233009,301315474,"2021 Q1",21339.773618834
"Odisha",2021,2,131824337,245864117477.274,1865.08897425575,9891029,367576494,"2021 Q2",24586.4117477274
"Puducherry",2018,1,104212,165825971.369836,1591.23681888685,49318,0,"2018 Q1",16.5825971369836
"Puducherry",2018,2,130261,285801119.532437,2194.06514254026,65580,0,"2018 Q2",28.5801119532437
"Puducherry",2018,3,190271,417658075.494206,2195.06953500116,81546,0,"2018 Q3",41.7658075494206
"Puducherry",2018,4,307964,625691665.423494,2031.7039180667,109494,0,"2018 Q4",62.5691665423494
"Puducherry",2019,1,501092,906473024.306522,1808.9952030895,133059,0,"2019 Q1",90.6473024306521
"Puducherry",2019,2,580077,1211446910.1278,2088.42431285468,156458,661932,"2019 Q2",121.14469101278
"Puducherry",2019,3,716826,1460708357.45541,2037.74466530986,177868,2476922,"2019 Q3",146.070835745541
"Puducherry",2019,4,1012655,1932028317.8789,1907.88404528581,204292,3263122,"2019 Q4",193.20283178789
"Puducherry",2020,1,1207921,2205277477.07958,1825.68022004715,230908,3820943,"2020 Q1",220.527747707958
"Puducherry",2020,2,1033383,1960030980.48759,1896.71301007234,255600,3057608,"2020 Q2",196.003098048759
"Puducherry",2020,3,1730902,3598080229.4346,2078.73133743828,285173,4222159,"2020 Q3",359.80802294346
"Puducherry",2020,4,2716003,4930526217.6712,1815.36110883206,319626,6377136,"2020 Q4",493.05262176712
"Puducherry",2021,1,3309432,5899309571.74365,1782.57464475585,346279,7914507,"2021 Q1",589.930957174365
"Puducherry",2021,2,3751387,6498834696.54389,1732.38183545017,369961,5178916,"2021 Q2",649.883469654389
"Punjab",2018,1,1870433,2780758224.85439,1486.69223909886,847142,0,"2018 Q1",278.075822485439
"Punjab",2018,2,2581163,4684672212.00703,1814.94629049271,1152190,0,"2018 Q2",468.467221200703
"Punjab",2018,3,3462108,7065687043.82118,2040.86268938496,1473148,0,"2018 Q3",706.568704382118
"Punjab",2018,4,4887137,10781982573.6498,2206.19609674331,1865715,0,"2018 Q4",1078.19825736498
"Punjab",2019,1,7172137,13574490001.8531,1892.67020441091,2226590,0,"2019 Q1",1357.44900018531
"Punjab",2019,2,8509830,18614793394.7723,2187.44597656737,2600112,10928094,"2019 Q2",1861.47933947723
"Punjab",2019,3,10706812,22905815605.8433,2139.36843253093,2962713,40860886,"2019 Q3",2290.58156058433
"Punjab",2019,4,13698625,29989802246.1924,2189.25638494319,3321742,47673880,"2019 Q4",2998.98022461924
"Punjab",2020,1,15217784,31374185265.8996,2061.67897151777,3739502,53853710,"2020 Q1",3137.41852658996
"Punjab",2020,2,14081294,30284654252.2136,2150.70108274237,4225481,51289576,"2020 Q2",3028.46542522136
"Punjab",2020,3,17209573,40123092147.8133,2331.44030638141,4694233,58946732,"2020 Q3",4012.30921478133
"Punjab",2020,4,22997925,53775406479.555,2338.27210409439,5157868,71191183,"2020 Q4",5377.5406479555
"Punjab",2021,1,26770835,58690887091.1067,2192.34428403547,5568777,81052268,"2021 Q1",5869.08870911067
"Punjab",2021,2,32171248,69531058562.6151,2161.2794928756,5976548,85894089,"2021 Q2",6953.10585626151
"Rajasthan",2018,1,7591690,8926293130.72677,1175.79789621636,3158202,0,"2018 Q1",892.629313072677
"Rajasthan",2018,2,9973697,15559086175.758,1560.01191692088,4212964,0,"2018 Q2",1555.9086175758
"Rajasthan",2018,3,14257098,24040768671.2124,1686.23156488175,5175453,0,"2018 Q3",2404.07686712124
"Rajasthan",2018,4,20959723,37909087083.3386,1808.66355358506,6358738,0,"2018 Q4",3790.90870833386
"Rajasthan",2019,1,43956040,61141158575.5539,1390.96148278039,7712204,0,"2019 Q1",6114.11585755539
"Rajasthan",2019,2,50009286,89107313172.6653,1781.81534470749,8783935,62787336,"2019 Q2",8910.73131726653
"Rajasthan",2019,3,67303617,112468290031.93,1671.05863020602,9797304,238338999,"2019 Q3",11246.829003193
"Rajasthan",2019,4,85074242,159452410049.67,1874.27364971022,10925031,288904693,"2019 Q4",15945.241004967
"Rajasthan",2020,1,102258812,190308238561.007,1861.04488052342,12142053,341815756,"2020 Q1",19030.8238561007
"Rajasthan",2020,2,101954656,193763273003.265,1900.48479005476,13563201,329941181,"2020 Q2",19376.3273003265
"Rajasthan",2020,3,149088676,293678306162.458,1969.82302104861,14969412,436682870,"2020 Q3",29367.8306162458
"Rajasthan",2020,4,190283435,386034779836.504,2028.7356061052,16329494,511015109,"2020 Q4",38603.4779836504
"Rajasthan",2021,1,252730919,491492581657.645,1944.72676157857,17661088,632535059,"2021 Q1",49149.2581657645
"Rajasthan",2021,2,287477039,561702765169.244,1953.90479574699,18980985,1072091232,"2021 Q2",56170.2765169244
"Sikkim",2018,1,44078,64650938.9403684,1466.73939244903,20051,0,"2018 Q1",6.46509389403684
"Sikkim",2018,2,74578,143693085.529795,1926.74898133224,28097,0,"2018 Q2",14.3693085529796
"Sikkim",2018,3,108500,235080226.953317,2166.6380364361,37637,0,"2018 Q3",23.5080226953317
"Sikkim",2018,4,154533,383141358.078253,2479.34977045843,48538,0,"2018 Q4",38.3141358078253
"Sikkim",2019,1,240287,457993634.384093,1906.02751869262,58956,0,"2019 Q1",45.7993634384093
"Sikkim",2019,2,388244,738894243.435941,1903.16976807353,70999,398520,"2019 Q2",73.8894243435941
"Sikkim",2019,3,552436,884716448.440428,1601.48225032479,82128,1316804,"2019 Q3",88.4716448440428
"Sikkim",2019,4,767070,1176509601.65621,1533.77084445515,92972,1552004,"2019 Q4",117.650960165621
"Sikkim",2020,1,528118,1053476271.9444,1994.7744101591,104631,1697163,"2020 Q1",105.34762719444
"Sikkim",2020,2,517731,1054618788.26127,2037.00143174982,119921,1912335,"2020 Q2",105.461878826127
"Sikkim",2020,3,596435,1400926728.66039,2348.83386900567,134773,2156470,"2020 Q3",140.092672866039
"Sikkim",2020,4,735035,1919275805.12292,2611.13525903246,148543,2478670,"2020 Q4",191.927580512292
"Sikkim",2021,1,800189,2217667726.84072,2771.42990823508,160213,2795331,"2021 Q1",221.766772684072
"Sikkim",2021,2,976714,2424899579.6753,2482.71201157688,171740,4541121,"2021 Q2",242.48995796753
"Tamil Nadu",2018,1,6726622,11261557697.5166,1674.17727613007,2104754,0,"2018 Q1",1126.15576975166
"Tamil Nadu",2018,2,9992128,20125844276.2664,2014.16998223666,2996036,0,"2018 Q2",2012.58442762664
"Tamil Nadu",2018,3,15774078,29330092241.1841,1859.38552105449,3900177,0,"2018 Q3",2933.00922411841
"Tamil Nadu",2018,4,22457444,43302073975.894,1928.18354465869,5199878,0,"2018 Q4",4330.2073975894
"Tamil Nadu",2019,1,32275045,56204036816.1299,1741.4084725871,6296303,0,"2019 Q1",5620.40368161299
"Tamil Nadu",2019,2,32171737,64207676025.7577,1995.77896666747,7429609,33658961,"2019 Q2",6420.76760257577
"Tamil Nadu",2019,3,41410183,78959604643.6384,1906.76782673572,8428835,124690342,"2019 Q3",7895.96046436383
"Tamil Nadu",2019,4,56596411,103190865512.543,1823.27578179018,9620493,155011717,"2019 Q4",10319.0865512543
"Tamil Nadu",2020,1,66953473,116569686179.44,1741.05510821582,10872368,179908753,"2020 Q1",11656.968617944
"Tamil Nadu",2020,2,51870110,95826508896.8285,1847.43215113345,12150786,144907447,"2020 Q2",9582.65088968285
"Tamil Nadu",2020,3,70277825,143841415498.663,2046.75394405936,13643451,194683284,"2020 Q3",14384.1415498663
"Tamil Nadu",2020,4,111179701,206473197500.995,1857.11236533182,15357586,288233552,"2020 Q4",20647.3197500995
"Tamil Nadu",2021,1,136556674,248668143873.651,1820.98857997706,16632608,348801714,"2021 Q1",24866.8143873651
"Tamil Nadu",2021,2,146158442,263487341026.551,1802.75143481997,17804542,343968474,"2021 Q2",26348.7341026551
"Telangana",2018,1,8522766,13308204118.5423,1561.48885450361,3315560,0,"2018 Q1",1330.82041185423
"Telangana",2018,2,10764670,23017201517.6523,2138.21710444001,4260115,0,"2018 Q2",2301.72015176523
"Telangana",2018,3,19332703,32030093209.7235,1656.78297596169,5138501,0,"2018 Q3",3203.00932097235
"Telangana",2018,4,28921154,49509088448.0485,1711.86421012275,6529679,0,"2018 Q4",4950.90884480485
"Telangana",2019,1,65290702,95523262035.6647,1463.04541243353,7963425,0,"2019 Q1",9552.32620356647
"Telangana",2019,2,89610379,155676443182.435,1737.25906440408,9046007,80842302,"2019 Q2",15567.6443182435
"Telangana",2019,3,121495376,201930021130.426,1662.03873578222,10090557,318124511,"2019 Q3",20193.0021130426
"Telangana",2019,4,163572258,280746765547.744,1716.34706875382,11220691,399239044,"2019 Q4",28074.6765547744
"Telangana",2020,1,199409525,371343780368.215,1862.21686435598,12306860,454723816,"2020 Q1",37134.3780368215
"Telangana",2020,2,152055143,321531839352.43,2114.57391712446,13378191,367130505,"2020 Q2",32153.183935243
"Telangana",2020,3,236372126,505961144755.869,2140.52796037325,14590882,527781925,"2020 Q3",50596.1144755869
"Telangana",2020,4,343643787,696350439226.957,2026.37284761082,15927797,764614235,"2020 Q4",69635.0439226957
"Telangana",2021,1,412572110,799359264046.589,1937.50194128873,17149069,920040042,"2021 Q1",79935.9264046589
"Telangana",2021,2,495867544,1027958332797.58,2073.05024342868,18306880,905317692,"2021 Q2",102795.833279758
"Tripura",2018,1,148157,137978914.530622,931.302027785537,55157,0,"2018 Q1",13.7978914530622
"Tripura",2018,2,214559,236891718.716135,1104.08660888676,83369,0,"2018 Q2",23.6891718716135
"Tripura",2018,3,377703,453863388.040592,1201.6409402112,116874,0,"2018 Q3",45.3863388040592
"Tripura",2018,4,448059,624885599.464446,1394.65025691805,153265,0,"2018 Q4",62.4885599464446
"Tripura",2019,1,580926,756894941.615819,1302.91111366305,183254,0,"2019 Q1",75.6894941615819
"Tripura",2019,2,532558,841821482.847377,1580.7132422147,217644,953627,"2019 Q2",84.1821482847377
"Tripura",2019,3,711717,1017377422.81722,1429.46904853646,245456,3350991,"2019 Q3",101.737742281722
"Tripura",2019,4,801824,1215400160.25818,1515.79418957051,272298,3610807,"2019 Q4",121.540016025818
"Tripura",2020,1,924502,1588778806.38849,1718.52392573352,299962,4063223,"2020 Q1",158.877880638849
"Tripura",2020,2,1052520,1769175883.58596,1680.89526430468,336666,4443221,"2020 Q2",176.917588358596
"Tripura",2020,3,1317885,2341819516.21588,1776.95285720369,376731,5777908,"2020 Q3",234.181951621588
"Tripura",2020,4,1651890,3182130996.22131,1926.35768496771,409110,6017249,"2020 Q4",318.213099622131
"Tripura",2021,1,1511423,3335341569.79341,2206.75586503144,439636,6009660,"2021 Q1",333.534156979341
"Tripura",2021,2,1744429,3468154361.03627,1988.13156685441,472153,9500881,"2021 Q2",346.815436103627
"Uttarakhand",2018,1,1246685,1508545358.52388,1210.04532702638,483043,0,"2018 Q1",150.854535852388
"Uttarakhand",2018,2,1704122,2679755378.55104,1572.51380978066,649142,0,"2018 Q2",267.975537855104
"Uttarakhand",2018,3,2229132,3726573039.85849,1671.75969833033,810612,0,"2018 Q3",372.657303985849
"Uttarakhand",2018,4,3178761,5654272137.96389,1778.76604688553,1012103,0,"2018 Q4",565.427213796389
"Uttarakhand",2019,1,5546001,7183529175.27395,1295.26287053932,1224955,0,"2019 Q1",718.352917527395
"Uttarakhand",2019,2,4813275,8588532850.91848,1784.3428540689,1414339,7454279,"2019 Q2",858.853285091848
"Uttarakhand",2019,3,5710476,9729032070.01732,1703.71648003027,1585859,24660988,"2019 Q3",972.903207001732
"Uttarakhand",2019,4,7362116,12573706305.1507,1707.89298961749,1752677,28853867,"2019 Q4",1257.37063051507
"Uttarakhand",2020,1,9131784,16158080258.9875,1769.43303290874,1943606,32631265,"2020 Q1",1615.80802589875
"Uttarakhand",2020,2,9047770,16094187702.1009,1778.80159443718,2148567,31074793,"2020 Q2",1609.41877021009
"Uttarakhand",2020,3,11818935,22103510968.0065,1870.17789403246,2365438,40377348,"2020 Q3",2210.35109680065
"Uttarakhand",2020,4,17613271,31792739329.1104,1805.04457855161,2596244,52564888,"2020 Q4",3179.27393291104
"Uttarakhand",2021,1,20608402,36288189399.8984,1760.84440704808,2802122,59282260,"2021 Q1",3628.81893998984
"Uttarakhand",2021,2,24000432,40990817874.8382,1707.92000222488,3004040,78380036,"2021 Q2",4099.08178748382
"Uttar Pradesh",2018,1,12537805,13939970923.2226,1111.83503996294,4694250,0,"2018 Q1",1393.99709232226
"Uttar Pradesh",2018,2,17710943,25720201695.6999,1452.22090634586,6442554,0,"2018 Q2",2572.02016956999
"Uttar Pradesh",2018,3,26515356,37012114369.241,1395.87469122576,8096483,0,"2018 Q3",3701.2114369241
"Uttar Pradesh",2018,4,36100767,55096743575.9173,1526.19315750043,10341964,0,"2018 Q4",5509.67435759173
"Uttar Pradesh",2019,1,57324504,76524180134.0096,1334.92965127111,12458661,0,"2019 Q1",7652.41801340095
"Uttar Pradesh",2019,2,58883500,98917519370.6757,1679.885186354,14316349,78394040,"2019 Q2",9891.75193706757
"Uttar Pradesh",2019,3,68623959,111268137475.05,1621.41822034852,16044607,268142606,"2019 Q3",11126.813747505
"Uttar Pradesh",2019,4,86905005,145538926507.295,1674.68981225299,17949542,324068625,"2019 Q4",14553.8926507295
"Uttar Pradesh",2020,1,97239132,172416434960.698,1773.11779130955,20136256,374282083,"2020 Q1",17241.6434960698
"Uttar Pradesh",2020,2,100851965,178744016130.288,1772.34044106417,22498519,383703534,"2020 Q2",17874.4016130288
"Uttar Pradesh",2020,3,127405259,248689955423.062,1951.95989062792,24838116,450784508,"2020 Q3",24868.9955423062
"Uttar Pradesh",2020,4,178167517,357428826778.267,2006.13912567613,27249134,552220798,"2020 Q4",35742.8826778267
"Uttar Pradesh",2021,1,204499547,396287587577.565,1937.8409066968,29482075,639718324,"2021 Q1",39628.7587577565
"Uttar Pradesh",2021,2,241949131,482172489166.386,1992.86720796855,31651894,673598864,"2021 Q2",48217.2489166386
"West Bengal",2018,1,11710225,10625978552.1402,907.410280514697,2604789,0,"2018 Q1",1062.59785521402
"West Bengal",2018,2,18082446,18629183470.2039,1030.23581379443,3833795,0,"2018 Q2",1862.91834702039
"West Bengal",2018,3,53705416,41843934183.1784,779.138070230726,4851740,0,"2018 Q3",4184.39341831784
"West Bengal",2018,4,36513548,40489619211.7043,1108.89303914548,6279278,0,"2018 Q4",4048.96192117043
"West Bengal",2019,1,47626388,50164672623.8797,1053.2957616664,7449425,0,"2019 Q1",5016.46726238797
"West Bengal",2019,2,47023535,57105691119.1187,1214.40659701825,8612795,49514201,"2019 Q2",5710.56911191187
"West Bengal",2019,3,66444829,70540532616.8304,1061.64066758047,9643222,176559011,"2019 Q3",7054.05326168304
"West Bengal",2019,4,96805838,88203610254.6467,911.139370072358,10885058,244326613,"2019 Q4",8820.36102546467
"West Bengal",2020,1,66250381,96653305190.9381,1458.90942409732,11960822,207068218,"2020 Q1",9665.33051909381
"West Bengal",2020,2,57676797,100099431877.355,1735.52341814951,13222022,198589332,"2020 Q2",10009.9431877355
"West Bengal",2020,3,79954504,156813355855.141,1961.28232945002,14448366,246554831,"2020 Q3",15681.3355855141
"West Bengal",2020,4,100340645,199165491365.647,1984.8934732844,15662093,291721919,"2020 Q4",19916.5491365647
"West Bengal",2021,1,118254052,242937207475.521,2054.36687679439,16808799,316832674,"2021 Q1",24293.7207475521
"West Bengal",2021,2,141897437,279434811058.563,1969.27313816502,17979979,275341466,"2021 Q2",27943.4811058563
